{
  "model_type": "EBM",
  "train_rows": 800,
  "test_rows": 200,
  "positive_rate": 0.311,
  "roc_auc_test": 0.453132,
  "average_precision_test": 0.286698,
  "classification_report": {
    "0": {
      "precision": 0.6887755102040817,
      "recall": 0.9782608695652174,
      "f1-score": 0.8083832335329342,
      "support": 138.0
    },
    "1": {
      "precision": 0.25,
      "recall": 0.016129032258064516,
      "f1-score": 0.030303030303030304,
      "support": 62.0
    },
    "accuracy": 0.68,
    "macro avg": {
      "precision": 0.46938775510204084,
      "recall": 0.49719495091164095,
      "f1-score": 0.4193431319179822,
      "support": 200.0
    },
    "weighted avg": {
      "precision": 0.5527551020408163,
      "recall": 0.68,
      "f1-score": 0.567178370531664,
      "support": 200.0
    }
  },
  "top_features": []
}